index,대분류명,중분류명,메뉴명,이미지 수
1,끼니 대체 메뉴,떡,감자떡,310
2,끼니 대체 메뉴,떡,영양떡,300
3,끼니 대체 메뉴,떡,고구마떡,300
4,끼니 대체 메뉴,떡,망개떡,330
5,끼니 대체 메뉴,떡,모시떡,300
6,끼니 대체 메뉴,떡,모시송편,300
7,끼니 대체 메뉴,떡,무지개떡,300
8,끼니 대체 메뉴,떡,밤떡,300
9,끼니 대체 메뉴,떡,빙떡,300
10,끼니 대체 메뉴,떡,소떡소떡,300
11,끼니 대체 메뉴,떡,술떡,300
12,끼니 대체 메뉴,떡,쑥떡,300
13,끼니 대체 메뉴,떡,쑥버무리,300
14,끼니 대체 메뉴,떡,씨앗호떡,300
15,끼니 대체 메뉴,떡,앙금절편,300
16,끼니 대체 메뉴,떡,약밥,300
17,끼니 대체 메뉴,떡,오메기떡,300
18,끼니 대체 메뉴,떡,옥수수떡,320
19,끼니 대체 메뉴,떡,콩떡,300
20,끼니 대체 메뉴,떡,호떡,300
21,끼니 대체 메뉴,떡,호박송편,300
22,끼니 대체 메뉴,빵,감자고로케,300
23,끼니 대체 메뉴,빵,감자빵,300
24,끼니 대체 메뉴,빵,감자핫도그,310
25,끼니 대체 메뉴,빵,게살고로케,320
26,끼니 대체 메뉴,빵,경주빵,300
27,끼니 대체 메뉴,빵,경주찰보리빵,300
28,끼니 대체 메뉴,빵,계란빵,300
29,끼니 대체 메뉴,빵,고구마식빵,310
30,끼니 대체 메뉴,빵,고구마케이크,320
31,끼니 대체 메뉴,빵,쿠키엔크림케이크,300
32,끼니 대체 메뉴,빵,고구마핫도그,300
33,끼니 대체 메뉴,빵,글레이즈드도넛,300
34,끼니 대체 메뉴,빵,치즈볼,310
35,끼니 대체 메뉴,빵,까눌레,300
36,끼니 대체 메뉴,빵,깜빠뉴,300
37,끼니 대체 메뉴,빵,깨찰빵,320
38,끼니 대체 메뉴,빵,꽈배기,310
39,끼니 대체 메뉴,빵,녹차롤케잌,300
40,끼니 대체 메뉴,빵,녹차마카롱,310
41,끼니 대체 메뉴,빵,녹차머핀,320
42,끼니 대체 메뉴,빵,단팥빵,310
43,끼니 대체 메뉴,빵,단팥크림빵,300
44,끼니 대체 메뉴,빵,단호박크럼블,300
45,끼니 대체 메뉴,빵,당근케이크,300
46,끼니 대체 메뉴,빵,딸기롤케잌,300
47,끼니 대체 메뉴,빵,딸기마카롱,310
48,끼니 대체 메뉴,빵,딸기케이크,300
49,끼니 대체 메뉴,빵,딸기크레이프,320
50,끼니 대체 메뉴,빵,딸기크로와상,340
51,끼니 대체 메뉴,빵,딸기크로플,320
52,끼니 대체 메뉴,빵,딸기타르트,330
53,끼니 대체 메뉴,빵,러스크,310
54,끼니 대체 메뉴,빵,레인보우케이크,300
55,끼니 대체 메뉴,빵,마늘바게트,300
56,끼니 대체 메뉴,빵,마늘빵,300
57,끼니 대체 메뉴,빵,마들렌,300
58,끼니 대체 메뉴,빵,말차까눌레,300
59,끼니 대체 메뉴,빵,맘모스빵,310
60,끼니 대체 메뉴,빵,머랭쿠키,330
61,끼니 대체 메뉴,빵,메론빵,310
62,끼니 대체 메뉴,빵,명란바게트,300
63,끼니 대체 메뉴,빵,모짜렐라핫도그,310
64,끼니 대체 메뉴,빵,모카번,310
66,끼니 대체 메뉴,빵,민트초코마카롱,300
67,끼니 대체 메뉴,빵,밀크크레이프,300
68,끼니 대체 메뉴,빵,바게트빵,310
69,끼니 대체 메뉴,빵,바나나와플,310
70,끼니 대체 메뉴,빵,바닐라마카롱,300
71,끼니 대체 메뉴,빵,바닐라머핀,300
72,끼니 대체 메뉴,빵,바닐라아이스크림와플,330
73,끼니 대체 메뉴,빵,밤식빵,310
74,끼니 대체 메뉴,빵,피자호빵,300
75,끼니 대체 메뉴,빵,버터크림빵,300
76,끼니 대체 메뉴,빵,불고기파니니,320
77,끼니 대체 메뉴,빵,브라우니,300
79,끼니 대체 메뉴,빵,블루베리마카롱,300
80,끼니 대체 메뉴,빵,블루베리파이,300
81,끼니 대체 메뉴,빵,빨미까레,300
82,끼니 대체 메뉴,빵,새우고로케,320
83,끼니 대체 메뉴,빵,생딸기와플,320
84,끼니 대체 메뉴,빵,생크림식빵,320
85,끼니 대체 메뉴,빵,생크림와플,300
86,끼니 대체 메뉴,빵,생크림케이크,320
87,끼니 대체 메뉴,빵,생크림크로플,300
88,끼니 대체 메뉴,빵,소금빵,300
89,끼니 대체 메뉴,빵,소보루빵,300
90,끼니 대체 메뉴,빵,소세지크로와상,320
91,끼니 대체 메뉴,빵,소시지고로케,340
92,끼니 대체 메뉴,빵,소시지빵,300
93,끼니 대체 메뉴,빵,슈크림빵,310
94,끼니 대체 메뉴,빵,슈크림크로와상,320
95,끼니 대체 메뉴,빵,시나몬롤,300
96,끼니 대체 메뉴,빵,시나몬크로플,320
97,끼니 대체 메뉴,빵,아몬드크로와상,300
98,끼니 대체 메뉴,빵,아이스크림와플,330
99,끼니 대체 메뉴,빵,아이스크림크로플,320
100,끼니 대체 메뉴,빵,앙버터치아바타,300
101,끼니 대체 메뉴,빵,앙버터크로와상,300
102,끼니 대체 메뉴,빵,앙버터호두과자,300
103,끼니 대체 메뉴,빵,애플크럼블,320
104,끼니 대체 메뉴,빵,애플파이,300
105,끼니 대체 메뉴,빵,야채고로케,300
106,끼니 대체 메뉴,빵,얼그레이까눌레,300
107,끼니 대체 메뉴,빵,얼그레이마카롱,300
108,끼니 대체 메뉴,빵,에그타르트,300
109,끼니 대체 메뉴,빵,연유빵,300
110,끼니 대체 메뉴,빵,연유크림빵,300
112,끼니 대체 메뉴,빵,오트밀식빵,300
113,끼니 대체 메뉴,빵,옥수수빵,300
114,끼니 대체 메뉴,빵,옥수수식빵,300
115,끼니 대체 메뉴,빵,완두앙금빵,310
116,끼니 대체 메뉴,빵,우유마카롱,300
117,끼니 대체 메뉴,빵,우유식빵,300
118,끼니 대체 메뉴,빵,우유크림빵,300
119,끼니 대체 메뉴,빵,인절미크로플,300
120,끼니 대체 메뉴,빵,잡채고로케,300
121,끼니 대체 메뉴,빵,젤리롤케잌,330
122,끼니 대체 메뉴,빵,단팥호빵,300
123,끼니 대체 메뉴,빵,찹쌀꽈배기,310
124,끼니 대체 메뉴,빵,찹쌀도너츠,310
125,끼니 대체 메뉴,빵,슈크림붕어빵,320
126,끼니 대체 메뉴,빵,초코까눌레,300
127,끼니 대체 메뉴,빵,초코롤케잌,300
128,끼니 대체 메뉴,빵,초코마카롱,300
129,끼니 대체 메뉴,빵,초코머핀,300
130,끼니 대체 메뉴,빵,초코베이글,310
131,끼니 대체 메뉴,빵,초코소라빵,300
132,끼니 대체 메뉴,빵,초코스콘,310
133,끼니 대체 메뉴,빵,초코아이스크림와플,330
134,끼니 대체 메뉴,빵,초코와플,330
135,끼니 대체 메뉴,빵,팥붕어빵,300
136,끼니 대체 메뉴,빵,초코케이크,300
137,끼니 대체 메뉴,빵,초코크레이프,300
138,끼니 대체 메뉴,빵,초코크로와상,300
139,끼니 대체 메뉴,빵,초코크로플,300
140,끼니 대체 메뉴,빵,초코파운드,310
141,끼니 대체 메뉴,빵,치아바타,330
142,끼니 대체 메뉴,빵,치즈번,320
143,끼니 대체 메뉴,빵,치즈케이크,300
144,끼니 대체 메뉴,빵,치즈크로플,320
145,끼니 대체 메뉴,빵,카라멜마카롱,300
146,끼니 대체 메뉴,빵,카레고로케,300
147,끼니 대체 메뉴,빵,카스테라,300
148,끼니 대체 메뉴,빵,야채호빵,300
149,끼니 대체 메뉴,빵,커피콩빵,300
150,끼니 대체 메뉴,빵,쿠키슈,330
151,끼니 대체 메뉴,빵,퀸아망,310
153,끼니 대체 메뉴,빵,크로칸슈,330
154,끼니 대체 메뉴,빵,크로크무슈,300
155,끼니 대체 메뉴,빵,크림도넛,300
156,끼니 대체 메뉴,빵,크림치즈베이글,310
157,끼니 대체 메뉴,빵,크림치즈호두빵,330
158,끼니 대체 메뉴,빵,통밀식빵,300
159,끼니 대체 메뉴,빵,튀김소보루,300
160,끼니 대체 메뉴,빵,티라미수,300
161,끼니 대체 메뉴,빵,파네토네,300
162,끼니 대체 메뉴,빵,플레인베이글,350
163,끼니 대체 메뉴,빵,플레인스콘,320
164,끼니 대체 메뉴,빵,플레인크로플,300
165,끼니 대체 메뉴,빵,피자빵,320
166,끼니 대체 메뉴,빵,핫도그,300
167,끼니 대체 메뉴,빵,햄치즈베이글,320
168,끼니 대체 메뉴,빵,햄치즈파니니,320
169,끼니 대체 메뉴,빵,호두과자,300
170,끼니 대체 메뉴,빵,호두빵,300
171,끼니 대체 메뉴,빵,호두타르트,300
172,끼니 대체 메뉴,빵,황치즈마카롱,300
173,끼니 대체 메뉴,빵,후레쉬빵,300
174,끼니 대체 메뉴,빵,휘낭시에,300
175,끼니 대체 메뉴,죽,김치낙지죽,300
176,끼니 대체 메뉴,죽,김치죽,300
177,끼니 대체 메뉴,죽,낙지죽,300
178,끼니 대체 메뉴,죽,녹두죽,300
179,끼니 대체 메뉴,죽,삼계전복죽,300
180,끼니 대체 메뉴,죽,쇠고기죽,300
181,끼니 대체 메뉴,죽,참치죽,300
182,끼니 대체 메뉴,죽,흑임자죽,300
183,끼니 대체 메뉴,수프,브로콜리수프,310
184,끼니 대체 메뉴,수프,쇠고기수프,300
185,끼니 대체 메뉴,수프,양송이수프,310
186,끼니 대체 메뉴,수프,콘수프,300
187,끼니 대체 메뉴,수프,크림수프,300
65,끼니 대체 메뉴,기타,뮤즐리시리얼,300
78,끼니 대체 메뉴,기타,블루베리시리얼,300
111,끼니 대체 메뉴,기타,오레오시리얼,300
152,끼니 대체 메뉴,기타,오트밀시리얼,300
188,끼니 대체 메뉴,기타,그래놀라시리얼,320
189,끼니 대체 메뉴,기타,닭가슴살,300
190,끼니 대체 메뉴,기타,닭가슴살소시지,330
191,끼니 대체 메뉴,기타,소시지(프랑크),310
192,끼니 대체 메뉴,기타,옥수수시리얼,300
193,끼니 대체 메뉴,기타,아몬드시리얼,300
194,끼니 대체 메뉴,기타,양념닭가슴살,300
195,끼니 대체 메뉴,기타,초코시리얼,300
196,끼니 대체 메뉴,기타,크랜베리시리얼,300
197,끼니 대체 메뉴,기타,핫바(어묵소시지),300
198,끼니 대체 메뉴,기타,후르츠링시리얼,300
199,끼니 대체 메뉴,기타,훈제닭가슴살,300
200,끼니 대체 메뉴,기타,훈제닭가슴살소시지,300
201,음료 및 차류,과일 및 과채음료,깔라만시에이드,93
202,음료 및 차류,과일 및 과채음료,딸기바나나주스,90
203,음료 및 차류,과일 및 과채음료,딸기빙수,90
204,음료 및 차류,과일 및 과채음료,딸기스무디,93
205,음료 및 차류,과일 및 과채음료,딸기에이드,90
206,음료 및 차류,과일 및 과채음료,딸기주스,90
207,음료 및 차류,과일 및 과채음료,레몬아이스티,90
208,음료 및 차류,과일 및 과채음료,레몬에이드,93
209,음료 및 차류,과일 및 과채음료,레몬차,90
210,음료 및 차류,과일 및 과채음료,망고스무디,90
211,음료 및 차류,과일 및 과채음료,망고에이드,90
212,음료 및 차류,과일 및 과채음료,망고주스,90
213,음료 및 차류,과일 및 과채음료,모히또,90
214,음료 및 차류,과일 및 과채음료,바나나주스,90
215,음료 및 차류,커피류,바닐라라떼,93
216,음료 및 차류,과일 및 과채음료,복숭아아이스티,90
217,음료 및 차류,과일 및 과채음료,블루레몬에이드,90
218,음료 및 차류,과일 및 과채음료,블루베리스무디,90
219,음료 및 차류,과일 및 과채음료,사과주스,90
220,음료 및 차류,과일 및 과채음료,수박주스,90
221,음료 및 차류,과일 및 과채음료,오렌지에이드,90
222,음료 및 차류,과일 및 과채음료,유자스무디,90
223,음료 및 차류,과일 및 과채음료,유자차,90
224,음료 및 차류,과일 및 과채음료,자몽에이드,90
225,음료 및 차류,과일 및 과채음료,자몽주스,90
226,음료 및 차류,과일 및 과채음료,자몽차,90
227,음료 및 차류,과일 및 과채음료,청귤에이드,90
228,음료 및 차류,과일 및 과채음료,청귤차,90
229,음료 및 차류,과일 및 과채음료,청포도에이드,96
230,음료 및 차류,과일 및 과채음료,체리콕에이드,90
231,음료 및 차류,과일 및 과채음료,키위스무디,90
232,음료 및 차류,과일 및 과채음료,키위주스,90
233,음료 및 차류,과일 및 과채음료,토마토주스,90
234,음료 및 차류,유제품,고구마라떼,90
235,음료 및 차류,유제품,그린밀크티,90
236,음료 및 차류,유제품,녹차라떼,90
237,음료 및 차류,유제품,달고나라떼,90
238,음료 및 차류,유제품,말차라떼,90
239,음료 및 차류,유제품,미숫가루,90
240,음료 및 차류,유제품,민트초코라떼,90
241,음료 및 차류,유제품,밀크쉐이크,90
242,음료 및 차류,유제품,바나나쉐이크,90
243,음료 및 차류,유제품,블랙밀크티,90
244,음료 및 차류,유제품,아이스초코,93
245,음료 및 차류,유제품,얼그레이밀크티,90
246,음료 및 차류,유제품,연유라떼,90
247,음료 및 차류,유제품,오곡라떼,90
248,음료 및 차류,유제품,인절미빙수,90
249,음료 및 차류,유제품,죠리퐁라떼,90
250,음료 및 차류,유제품,초코라떼(HOT),90
251,음료 및 차류,유제품,초코밀크티,90
252,음료 및 차류,유제품,초코쉐이크,90
253,음료 및 차류,유제품,초코스무디,90
254,음료 및 차류,유제품,쿠키쉐이크,90
255,음료 및 차류,유제품,팥빙수,96
256,음료 및 차류,유제품,플레인요거트스무디,90
257,음료 및 차류,유제품,핫초코,93
258,음료 및 차류,유제품,흑당라떼,90
259,음료 및 차류,유제품,흑당밀크티,90
260,음료 및 차류,잎차류,녹차,90
261,음료 및 차류,잎차류,루이보스차,90
262,음료 및 차류,잎차류,식혜,90
263,음료 및 차류,잎차류,얼그레이,90
264,음료 및 차류,잎차류,카모마일차,90
265,음료 및 차류,잎차류,호박식혜,90
266,음료 및 차류,잎차류,홍차,90
267,음료 및 차류,잎차류,히비스커스,90
268,음료 및 차류,커피류,더치커피,90
269,음료 및 차류,커피류,돌체라떼(HOT),90
270,음료 및 차류,커피류,모카라떼(HOT),90
271,음료 및 차류,커피류,시나몬라떼(HOT),90
272,음료 및 차류,커피류,아메리카노(HOT),90
273,음료 및 차류,커피류,아샷추,90
274,음료 및 차류,커피류,아이스돌체라떼,90
275,음료 및 차류,커피류,아이스모카라떼,90
276,음료 및 차류,커피류,아이스시나몬라떼,90
277,음료 및 차류,커피류,아이스아메리카노,90
278,음료 및 차류,커피류,아이스초코라떼,90
279,음료 및 차류,커피류,아이스초코모카라떼,90
280,음료 및 차류,커피류,아이스카라멜마끼아또,90
281,음료 및 차류,커피류,아이스카페라떼,93
282,음료 및 차류,커피류,아이스카푸치노,90
283,음료 및 차류,커피류,아이스코코넛라떼,90
284,음료 및 차류,커피류,아이스토피넛라떼,90
285,음료 및 차류,커피류,아이스티라미수라떼,90
286,음료 및 차류,커피류,아이스헤이즐넛라떼,90
287,음료 및 차류,커피류,아이스헤이즐넛아메리카노,90
288,음료 및 차류,커피류,아포가토,90
289,음료 및 차류,커피류,에스프레소,90
290,음료 및 차류,커피류,초코모카라떼(HOT),90
291,음료 및 차류,커피류,카라멜마끼아또(HOT),99
292,음료 및 차류,커피류,카페라떼(HOT),96
293,음료 및 차류,커피류,카푸치노(HOT),90
294,음료 및 차류,커피류,코코넛라떼(HOT),90
295,음료 및 차류,커피류,콜드브루,93
296,음료 및 차류,커피류,콜드브루라떼,90
297,음료 및 차류,커피류,토피넛라떼,90
298,음료 및 차류,커피류,티라미수라떼(HOT),90
299,음료 및 차류,커피류,헤이즐넛라떼(HOT),93
300,음료 및 차류,커피류,헤이즐넛아메리카노(HOT),93
301,일반외식 및 배달음식,배달음식,BLT샌드위치,300
302,일반외식 및 배달음식,배달음식,간장반후라이드반치킨(뼈),300
303,일반외식 및 배달음식,배달음식,간장치킨(뼈),300
304,일반외식 및 배달음식,배달음식,갈비치킨,300
305,일반외식 및 배달음식,배달음식,감자토스트,300
306,일반외식 및 배달음식,배달음식,계란토스트,300
307,일반외식 및 배달음식,배달음식,고구마피자(씬),300
308,일반외식 및 배달음식,배달음식,고구마피자(팬),310
309,일반외식 및 배달음식,배달음식,곱창떡볶이,300
310,일반외식 및 배달음식,배달음식,김치알컵밥,310
311,일반외식 및 배달음식,배달음식,김치참치마요컵밥,300
312,일반외식 및 배달음식,배달음식,김치참치컵밥,300
313,일반외식 및 배달음식,배달음식,까르보나라떡볶이,310
314,일반외식 및 배달음식,배달음식,깐풍치킨(뼈),300
315,일반외식 및 배달음식,배달음식,꼬마김밥,300
316,일반외식 및 배달음식,배달음식,꼬막짬뽕,300
317,일반외식 및 배달음식,배달음식,냉채족발,150
318,일반외식 및 배달음식,배달음식,누드김밥,300
319,일반외식 및 배달음식,배달음식,닭가슴살샌드위치,300
320,일반외식 및 배달음식,배달음식,닭갈비컵밥,300
321,일반외식 및 배달음식,배달음식,닭다리간장치킨,300
322,일반외식 및 배달음식,배달음식,닭다리양념치킨,300
323,일반외식 및 배달음식,배달음식,닭다리후라이드치킨,300
324,일반외식 및 배달음식,배달음식,닭윙&닭다리간장치킨,300
325,일반외식 및 배달음식,배달음식,닭윙&닭다리양념치킨,300
326,일반외식 및 배달음식,배달음식,닭윙간장치킨,300
327,일반외식 및 배달음식,배달음식,닭윙양념치킨,300
328,일반외식 및 배달음식,배달음식,닭윙후라이드치킨,300
329,일반외식 및 배달음식,배달음식,돈가스김밥,300
330,일반외식 및 배달음식,배달음식,딸기샌드위치,300
331,일반외식 및 배달음식,배달음식,땅콩샌드위치,300
332,일반외식 및 배달음식,배달음식,땡초김밥,310
333,일반외식 및 배달음식,배달음식,땡초멸치김밥,300
334,일반외식 및 배달음식,배달음식,떡강정,300
335,일반외식 및 배달음식,배달음식,로제돈가스,300
336,일반외식 및 배달음식,배달음식,로제떡볶이,310
337,일반외식 및 배달음식,배달음식,마늘치킨(뼈),300
338,일반외식 및 배달음식,배달음식,마라떡볶이,300
339,일반외식 및 배달음식,배달음식,마요치킨(뼈),300
340,일반외식 및 배달음식,배달음식,멸치김밥,310
341,일반외식 및 배달음식,배달음식,미니족발,150
342,일반외식 및 배달음식,배달음식,바질샌드위치,300
343,일반외식 및 배달음식,배달음식,반미샌드위치,300
344,일반외식 및 배달음식,배달음식,베이컨샌드위치,300
345,일반외식 및 배달음식,배달음식,베이컨치즈버거,300
346,일반외식 및 배달음식,배달음식,베이컨토스트,300
347,일반외식 및 배달음식,배달음식,베이컨포테이토피자,300
348,일반외식 및 배달음식,배달음식,부대떡볶이,300
349,일반외식 및 배달음식,배달음식,불고기버거,310
350,일반외식 및 배달음식,배달음식,불고기컵밥,300
351,일반외식 및 배달음식,배달음식,불고기피자(씬),310
352,일반외식 및 배달음식,배달음식,불고기피자(팬),300
353,일반외식 및 배달음식,배달음식,불닭마요컵밥,310
354,일반외식 및 배달음식,배달음식,빨간참치김밥,300
355,일반외식 및 배달음식,배달음식,새우김밥,300
356,일반외식 및 배달음식,배달음식,새우버거,300
357,일반외식 및 배달음식,배달음식,새우볼,300
358,일반외식 및 배달음식,배달음식,새우샌드위치,300
359,일반외식 및 배달음식,배달음식,새우토스트,300
360,일반외식 및 배달음식,배달음식,새우피자(씬),330
361,일반외식 및 배달음식,배달음식,새우피자(팬),300
362,일반외식 및 배달음식,배달음식,순살간장반후라이드반치킨,310
363,일반외식 및 배달음식,배달음식,순살간장치킨,300
364,일반외식 및 배달음식,배달음식,순살간장파닭,300
365,일반외식 및 배달음식,배달음식,순살깐풍치킨,300
366,일반외식 및 배달음식,배달음식,순살로제치킨,300
367,일반외식 및 배달음식,배달음식,순살마늘치킨,300
368,일반외식 및 배달음식,배달음식,순살마요치킨,300
369,일반외식 및 배달음식,배달음식,순살양념반간장반치킨,300
370,일반외식 및 배달음식,배달음식,순살양념반후라이드반치킨,300
371,일반외식 및 배달음식,배달음식,순살양념치킨,300
372,일반외식 및 배달음식,배달음식,순살양념파닭,300
373,일반외식 및 배달음식,배달음식,순살어니언치킨,300
374,일반외식 및 배달음식,배달음식,순살크림(크리미)치킨,320
375,일반외식 및 배달음식,배달음식,순살파닭,300
376,일반외식 및 배달음식,배달음식,순살후라이드치킨,320
377,일반외식 및 배달음식,배달음식,순살훈제양념치킨,300
378,일반외식 및 배달음식,배달음식,스팸김밥,310
379,일반외식 및 배달음식,배달음식,스팸김치컵밥,310
380,일반외식 및 배달음식,배달음식,아보카도샌드위치,300
381,일반외식 및 배달음식,배달음식,양념반간장반치킨(뼈),310
382,일반외식 및 배달음식,배달음식,양념반후라이드반치킨(뼈),300
383,일반외식 및 배달음식,배달음식,어니언치킨(뼈),300
384,일반외식 및 배달음식,배달음식,에그마요샌드위치,300
385,일반외식 및 배달음식,배달음식,에그샌드위치,300
386,일반외식 및 배달음식,배달음식,옛날통닭,300
387,일반외식 및 배달음식,배달음식,우삼겹떡볶이,300
388,일반외식 및 배달음식,배달음식,유니짜장,150
389,일반외식 및 배달음식,배달음식,유부우동,150
390,일반외식 및 배달음식,배달음식,자장떡볶이,300
391,일반외식 및 배달음식,배달음식,쟁반짜장,150
392,일반외식 및 배달음식,배달음식,쟁반짬뽕,150
393,일반외식 및 배달음식,배달음식,전주비빔컵밥,300
394,일반외식 및 배달음식,배달음식,제육컵밥,300
395,일반외식 및 배달음식,배달음식,쫄볶이,300
396,일반외식 및 배달음식,배달음식,차돌떡볶이,300
397,일반외식 및 배달음식,배달음식,차돌짬뽕,300
398,일반외식 및 배달음식,배달음식,참치마요덮밥,300
399,일반외식 및 배달음식,배달음식,참치마요컵밥,300
400,일반외식 및 배달음식,배달음식,참치샌드위치,300
401,일반외식 및 배달음식,배달음식,충무김밥,300
402,일반외식 및 배달음식,배달음식,치아바타샌드위치,300
403,일반외식 및 배달음식,배달음식,치즈떡볶이,310
404,일반외식 및 배달음식,배달음식,치즈라볶이,300
405,일반외식 및 배달음식,배달음식,치즈버거,300
406,일반외식 및 배달음식,배달음식,치즈샌드위치,300
407,일반외식 및 배달음식,배달음식,치즈피자,300
408,일반외식 및 배달음식,배달음식,치킨마요덮밥,310
409,일반외식 및 배달음식,배달음식,치킨버거,310
410,일반외식 및 배달음식,배달음식,치킨토스트,300
411,일반외식 및 배달음식,배달음식,카레컵밥,300
412,일반외식 및 배달음식,배달음식,카야토스트,300
413,일반외식 및 배달음식,배달음식,콤비네이션피자(씬),300
414,일반외식 및 배달음식,배달음식,콤비네이션피자(팬),300
415,일반외식 및 배달음식,배달음식,크리스피치킨(뼈),320
416,일반외식 및 배달음식,배달음식,크림(크리미)치킨(뼈),310
417,일반외식 및 배달음식,배달음식,크림떡볶이,300
418,일반외식 및 배달음식,배달음식,클럽샌드위치,300
419,일반외식 및 배달음식,배달음식,투움바떡볶이,300
420,일반외식 및 배달음식,배달음식,파닭,300
421,일반외식 및 배달음식,배달음식,페퍼로니피자(씬),300
422,일반외식 및 배달음식,배달음식,페퍼로니피자(팬),300
423,일반외식 및 배달음식,배달음식,포테이토피자(씬),330
424,일반외식 및 배달음식,배달음식,포테이토피자(팬),300
425,일반외식 및 배달음식,배달음식,프렌치토스트,300
426,일반외식 및 배달음식,배달음식,피자토스트,300
427,일반외식 및 배달음식,배달음식,햄샌드위치,300
428,일반외식 및 배달음식,배달음식,햄에그샌드위치,300
429,일반외식 및 배달음식,배달음식,햄치즈토스트,300
430,일반외식 및 배달음식,배달음식,후라이드치킨(뼈),310
431,일반외식 및 배달음식,배달음식,훈제양념치킨,300
432,일반외식 및 배달음식,배달음식,훈제치킨(뼈),310
433,일반외식 및 배달음식,일반외식,가리비초밥,300
434,일반외식 및 배달음식,일반외식,간장달걀밥,300
435,일반외식 및 배달음식,일반외식,간장닭갈비,150
436,일반외식 및 배달음식,일반외식,갈비만두,150
437,일반외식 및 배달음식,일반외식,갈비전골,170
438,일반외식 및 배달음식,일반외식,갈비찜,180
439,일반외식 및 배달음식,일반외식,갈치구이,150
440,일반외식 및 배달음식,일반외식,감자만두,150
441,일반외식 및 배달음식,일반외식,감자수제비,150
442,일반외식 및 배달음식,일반외식,감자옹심이,150
443,일반외식 및 배달음식,일반외식,검은콩국수,300
444,일반외식 및 배달음식,일반외식,게살볶음밥,300
445,일반외식 및 배달음식,일반외식,고구마돈가스,300
446,일반외식 및 배달음식,일반외식,고구마샐러드,330
447,일반외식 및 배달음식,일반외식,고구마치즈돈가스,300
448,일반외식 및 배달음식,일반외식,고기국수,300
449,일반외식 및 배달음식,일반외식,고등어구이,150
450,일반외식 및 배달음식,일반외식,고추장불고기,300
451,일반외식 및 배달음식,일반외식,곱도리탕,150
452,일반외식 및 배달음식,일반외식,곱창쭈꾸미,150
453,일반외식 및 배달음식,일반외식,광어매운탕,300
454,일반외식 및 배달음식,일반외식,교자만두,150
455,일반외식 및 배달음식,일반외식,국물닭발,300
456,일반외식 및 배달음식,일반외식,굴국밥,150
457,일반외식 및 배달음식,일반외식,굴비구이,150
458,일반외식 및 배달음식,일반외식,굴비찜,150
459,일반외식 및 배달음식,일반외식,김치찜,300
460,일반외식 및 배달음식,일반외식,김피탕,150
461,일반외식 및 배달음식,일반외식,꼬막무침,150
462,일반외식 및 배달음식,일반외식,꼬막비빔밥,150
463,일반외식 및 배달음식,일반외식,꽁치구이,150
464,일반외식 및 배달음식,일반외식,꽁치김치찌개,150
465,일반외식 및 배달음식,일반외식,낙곱새,150
466,일반외식 및 배달음식,일반외식,낙지덮밥,150
467,일반외식 및 배달음식,일반외식,낙지전골,150
468,일반외식 및 배달음식,일반외식,날치알주먹밥,300
469,일반외식 및 배달음식,일반외식,날치알초밥,300
470,일반외식 및 배달음식,일반외식,납작만두,150
471,일반외식 및 배달음식,일반외식,냉우동,150
472,일반외식 및 배달음식,일반외식,노가리,300
473,일반외식 및 배달음식,일반외식,다슬기해장국,150
474,일반외식 및 배달음식,일반외식,단호박샐러드,310
475,일반외식 및 배달음식,일반외식,단호박피자,300
476,일반외식 및 배달음식,일반외식,달걀오믈렛,300
477,일반외식 및 배달음식,일반외식,달걀초밥,300
478,일반외식 및 배달음식,일반외식,닭가슴살샐러드,300
479,일반외식 및 배달음식,일반외식,닭가슴살스테이크,320
480,일반외식 및 배달음식,일반외식,닭계장,300
481,일반외식 및 배달음식,일반외식,닭내장볶음,300
482,일반외식 및 배달음식,일반외식,닭모래집볶음,300
483,일반외식 및 배달음식,일반외식,닭발볶음,300
484,일반외식 및 배달음식,일반외식,도리뱅뱅이,150
485,일반외식 및 배달음식,일반외식,돌솥비빔밥,150
486,일반외식 및 배달음식,일반외식,돼지간,300
487,일반외식 및 배달음식,일반외식,돼지두루치기,300
488,일반외식 및 배달음식,일반외식,돼지짜글이,300
489,일반외식 및 배달음식,일반외식,두부두루치기,300
490,일반외식 및 배달음식,일반외식,두부버섯전골,300
491,일반외식 및 배달음식,일반외식,두부샐러드,300
492,일반외식 및 배달음식,일반외식,들깨수제비,300
493,일반외식 및 배달음식,일반외식,등갈비찜,150
494,일반외식 및 배달음식,일반외식,떡만두라면,300
495,일반외식 및 배달음식,일반외식,떡만둣국,310
496,일반외식 및 배달음식,일반외식,로제찜닭,300
497,일반외식 및 배달음식,일반외식,로제치킨(뼈),300
498,일반외식 및 배달음식,일반외식,리코타치즈샐러드,300
499,일반외식 및 배달음식,일반외식,마약옥수수,300
500,일반외식 및 배달음식,일반외식,만두라면,310
501,일반외식 및 배달음식,일반외식,만두전골,300
502,일반외식 및 배달음식,일반외식,매생이국,150
503,일반외식 및 배달음식,일반외식,매생이굴국밥,150
504,일반외식 및 배달음식,일반외식,먹태,310
505,일반외식 및 배달음식,일반외식,메밀만두,150
506,일반외식 및 배달음식,일반외식,메밀전,150
507,일반외식 및 배달음식,일반외식,멸치국수,300
508,일반외식 및 배달음식,일반외식,명태조림,150
509,일반외식 및 배달음식,일반외식,명태찜,150
510,일반외식 및 배달음식,일반외식,모둠순대,300
511,일반외식 및 배달음식,일반외식,무뼈닭발,300
512,일반외식 및 배달음식,일반외식,묵밥(묵사발),300
513,일반외식 및 배달음식,일반외식,묵은지갈비찜,150
514,일반외식 및 배달음식,일반외식,묵은지감자탕,150
515,일반외식 및 배달음식,일반외식,묵은지닭볶음탕,150
516,일반외식 및 배달음식,일반외식,물밀면,320
517,일반외식 및 배달음식,일반외식,민물새우튀김,300
518,일반외식 및 배달음식,일반외식,바지락된장찌개,300
519,일반외식 및 배달음식,일반외식,바지락칼국수,300
520,일반외식 및 배달음식,일반외식,버섯샐러드,300
521,일반외식 및 배달음식,일반외식,버섯피자,300
522,일반외식 및 배달음식,일반외식,버팔로윙,300
523,일반외식 및 배달음식,일반외식,불낙전골,150
524,일반외식 및 배달음식,일반외식,불백(뚝배기불고기),300
525,일반외식 및 배달음식,일반외식,불족발,150
526,일반외식 및 배달음식,일반외식,비빔막국수,300
527,일반외식 및 배달음식,일반외식,비빔밀면,300
528,일반외식 및 배달음식,일반외식,비프샐러드,300
529,일반외식 및 배달음식,일반외식,빈대떡,300
530,일반외식 및 배달음식,일반외식,빨계떡,300
531,일반외식 및 배달음식,일반외식,삼선간짜장,150
532,일반외식 및 배달음식,일반외식,삼치구이,300
533,일반외식 및 배달음식,일반외식,새우만두,300
534,일반외식 및 배달음식,일반외식,새우장초밥,320
535,일반외식 및 배달음식,일반외식,새우튀김우동,300
536,일반외식 및 배달음식,일반외식,생태찌개,150
537,일반외식 및 배달음식,일반외식,석갈비,150
538,일반외식 및 배달음식,일반외식,소고기간,150
539,일반외식 및 배달음식,일반외식,소고기초밥,300
540,일반외식 및 배달음식,일반외식,소고기타다끼초밥,310
541,일반외식 및 배달음식,일반외식,순대전골,300
542,일반외식 및 배달음식,일반외식,순두부짬뽕,150
543,일반외식 및 배달음식,일반외식,시래기해장국,300
544,일반외식 및 배달음식,일반외식,야끼만두,300
545,일반외식 및 배달음식,일반외식,야채곱창볶음,300
546,일반외식 및 배달음식,일반외식,양평해장국,300
547,일반외식 및 배달음식,일반외식,어니언링,150
548,일반외식 및 배달음식,일반외식,어묵튀김,300
549,일반외식 및 배달음식,일반외식,얼큰칼국수,300
550,일반외식 및 배달음식,일반외식,연어롤,300
551,일반외식 및 배달음식,일반외식,연어샐러드,310
552,일반외식 및 배달음식,일반외식,연어회덮밥,300
553,일반외식 및 배달음식,일반외식,오돌뼈볶음,300
554,일반외식 및 배달음식,일반외식,오징어순대,150
555,일반외식 및 배달음식,일반외식,올갱이해장국,150
556,일반외식 및 배달음식,일반외식,우럭매운탕,300
557,일반외식 및 배달음식,일반외식,우럭초밥,320
558,일반외식 및 배달음식,일반외식,우삼겹비빔밥,150
559,일반외식 및 배달음식,일반외식,울면,150
560,일반외식 및 배달음식,일반외식,육회초밥,300
561,일반외식 및 배달음식,일반외식,은행구이,300
562,일반외식 및 배달음식,일반외식,잡채말이튀김,300
563,일반외식 및 배달음식,일반외식,장어롤,320
564,일반외식 및 배달음식,일반외식,쟁반국수,150
565,일반외식 및 배달음식,일반외식,전복버터구이,300
566,일반외식 및 배달음식,일반외식,제육볶음,300
567,일반외식 및 배달음식,일반외식,조기구이,300
568,일반외식 및 배달음식,일반외식,주꾸미삽겹살볶음,300
569,일반외식 및 배달음식,일반외식,진주냉면,150
570,일반외식 및 배달음식,일반외식,차돌된장찌개,300
571,일반외식 및 배달음식,일반외식,찰순대,310
572,일반외식 및 배달음식,일반외식,참소라초밥,300
573,일반외식 및 배달음식,일반외식,천엽,150
574,일반외식 및 배달음식,일반외식,치즈곱창,300
575,일반외식 및 배달음식,일반외식,치즈달걀말이,300
576,일반외식 및 배달음식,일반외식,치즈닭갈비,300
577,일반외식 및 배달음식,일반외식,치즈스틱,150
578,일반외식 및 배달음식,일반외식,치킨너겟,150
579,일반외식 및 배달음식,일반외식,치킨샐러드,310
580,일반외식 및 배달음식,일반외식,칠리새우,150
581,일반외식 및 배달음식,일반외식,칠리새우덮밥,150
582,일반외식 및 배달음식,일반외식,칼국수,310
583,일반외식 및 배달음식,일반외식,캘리포니아롤,300
584,일반외식 및 배달음식,일반외식,케이준샐러드,300
585,일반외식 및 배달음식,일반외식,케이준양념감자,150
586,일반외식 및 배달음식,일반외식,코다리냉면,300
587,일반외식 및 배달음식,일반외식,코울슬로,150
588,일반외식 및 배달음식,일반외식,콘샐러드,300
589,일반외식 및 배달음식,일반외식,콩나물불고기(콩불),300
590,일반외식 및 배달음식,일반외식,크레미롤,300
591,일반외식 및 배달음식,일반외식,크림우동,300
592,일반외식 및 배달음식,일반외식,크림함박스테이크,150
593,일반외식 및 배달음식,일반외식,팥칼국수,300
594,일반외식 및 배달음식,일반외식,편육,150
595,일반외식 및 배달음식,일반외식,피자돈까스,300
596,일반외식 및 배달음식,일반외식,함박스테이크,300
597,일반외식 및 배달음식,일반외식,해물뚝배기,330
598,일반외식 및 배달음식,일반외식,해물라면,330
599,일반외식 및 배달음식,일반외식,해물순두부찌개,300
600,일반외식 및 배달음식,일반외식,황도,300
601,특수외식메뉴,향토음식,가자미구이,370
602,특수외식메뉴,향토음식,개불,300
603,특수외식메뉴,향토음식,광어회,380
604,특수외식메뉴,향토음식,나주곰탕,420
605,특수외식메뉴,향토음식,낙지탕탕이,300
606,특수외식메뉴,향토음식,낙지호롱,300
607,특수외식메뉴,향토음식,내장볶음,500
608,특수외식메뉴,향토음식,대구뽈찜,410
609,특수외식메뉴,향토음식,대구탕,470
610,특수외식메뉴,향토음식,대하구이,300
611,특수외식메뉴,향토음식,대하찜,300
612,특수외식메뉴,향토음식,막회,390
613,특수외식메뉴,향토음식,멍게(활),300
614,특수외식메뉴,향토음식,멍게비빔밥,380
615,특수외식메뉴,향토음식,물갈비,430
616,특수외식메뉴,향토음식,물회,420
617,특수외식메뉴,향토음식,반계탕,420
618,특수외식메뉴,향토음식,북어찜,470
619,특수외식메뉴,향토음식,산낙지회,300
620,특수외식메뉴,향토음식,소라숙회,300
621,특수외식메뉴,향토음식,술국,310
622,특수외식메뉴,향토음식,아바이순대,490
623,특수외식메뉴,향토음식,알내장탕,470
624,특수외식메뉴,향토음식,어탕국수,400
625,특수외식메뉴,향토음식,얼큰황태우거지탕,380
626,특수외식메뉴,향토음식,오징어회,300
627,특수외식메뉴,향토음식,장어탕,360
628,특수외식메뉴,향토음식,장어튀김,390
629,특수외식메뉴,향토음식,초계국수,420
630,특수외식메뉴,향토음식,초계탕,480
631,특수외식메뉴,향토음식,추어만두,500
632,특수외식메뉴,향토음식,추어전,510
633,특수외식메뉴,향토음식,추어전골,430
634,특수외식메뉴,향토음식,추어칼국수,450
635,특수외식메뉴,향토음식,추어튀김,510
636,특수외식메뉴,향토음식,해신탕,490
637,특수외식메뉴,향토음식,해천탕,530
638,특수외식메뉴,향토음식,황태국,330
639,특수외식메뉴,향토음식,황태국밥,360
640,특수외식메뉴,향토음식,황태닭개장,430
641,특수외식메뉴,향토음식,황태닭곰탕,400
642,특수외식메뉴,향토음식,황태떡국,370
643,특수외식메뉴,향토음식,황태만두국,330
644,특수외식메뉴,향토음식,황태미역국,300
645,특수외식메뉴,향토음식,황태부대찌개,430
646,특수외식메뉴,향토음식,황태육개장,410
647,특수외식메뉴,향토음식,황태전골,410
648,특수외식메뉴,향토음식,황태찜,470
649,특수외식메뉴,향토음식,황태콩나물해장국,330
650,특수외식메뉴,외국음식,가라아케,400
651,특수외식메뉴,외국음식,가이 팟 퐁 커리,460
652,특수외식메뉴,외국음식,가지만두,430
653,특수외식메뉴,외국음식,갈릭난,550
654,특수외식메뉴,외국음식,감바스,300
655,특수외식메뉴,외국음식,감자그라탕,490
656,특수외식메뉴,외국음식,건두부볶음,490
657,특수외식메뉴,외국음식,고구마그라탕,420
658,특수외식메뉴,외국음식,고르곤졸라피자,460
659,특수외식메뉴,외국음식,규동,400
660,특수외식메뉴,외국음식,김치나베,450
661,특수외식메뉴,외국음식,까르보나라파스타,430
662,특수외식메뉴,외국음식,까르보네피자,500
663,특수외식메뉴,외국음식,깐쇼새우,310
664,특수외식메뉴,외국음식,꽃빵,480
665,특수외식메뉴,외국음식,꿍 팟 퐁 커리,420
666,특수외식메뉴,외국음식,꿔바로우,350
667,특수외식메뉴,외국음식,나가사끼짬뽕,500
668,특수외식메뉴,외국음식,나시고랭볶음밥,480
669,특수외식메뉴,외국음식,나쵸,460
670,특수외식메뉴,외국음식,나폴리피자,510
671,특수외식메뉴,외국음식,난자완스,510
672,특수외식메뉴,외국음식,날치알크림파스타,500
673,특수외식메뉴,외국음식,냉라멘,320
674,특수외식메뉴,외국음식,닭고기쌀국수,460
675,특수외식메뉴,외국음식,돈부리덮밥,420
676,특수외식메뉴,외국음식,돈코츠라멘,470
677,특수외식메뉴,외국음식,돌체피자,540
678,특수외식메뉴,외국음식,동파육,430
679,특수외식메뉴,외국음식,또띠아피자,300
680,특수외식메뉴,외국음식,똠얌꿍,430
681,특수외식메뉴,외국음식,똠얌꿍쌀국수,400
682,특수외식메뉴,외국음식,라조기,500
683,특수외식메뉴,외국음식,로스카츠(등심),410
684,특수외식메뉴,외국음식,로제리조또,430
685,특수외식메뉴,외국음식,로제파스타,370
686,특수외식메뉴,외국음식,루꼴라피자,510
687,특수외식메뉴,외국음식,마라롱샤,300
688,특수외식메뉴,외국음식,마라빤,300
689,특수외식메뉴,외국음식,마라살꼬치,510
690,특수외식메뉴,외국음식,마라샹궈,390
691,특수외식메뉴,외국음식,마라쇼룽샤,380
692,특수외식메뉴,외국음식,마라쌀국수,380
693,특수외식메뉴,외국음식,마라탕,360
694,특수외식메뉴,외국음식,마르게리따피자,470
695,특수외식메뉴,외국음식,마살라커리,450
696,특수외식메뉴,외국음식,매운해물쌀국수,440
697,특수외식메뉴,외국음식,맥앤치즈,530
698,특수외식메뉴,외국음식,메밀소바,300
699,특수외식메뉴,외국음식,멘보샤,300
700,특수외식메뉴,외국음식,명란크림파스타,440
701,특수외식메뉴,외국음식,미소라멘,420
702,특수외식메뉴,외국음식,밀푀유나베,300
703,특수외식메뉴,외국음식,바질크림파스타,380
704,특수외식메뉴,외국음식,버섯리조또,440
705,특수외식메뉴,외국음식,버터난,360
706,특수외식메뉴,외국음식,베이컨크림파스타,390
707,특수외식메뉴,외국음식,베트남식 볶음면,410
708,특수외식메뉴,외국음식,볶음쌀국수,300
709,특수외식메뉴,외국음식,볼로네제토마토파스타,480
710,특수외식메뉴,외국음식,봉골레파스타,470
711,특수외식메뉴,외국음식,부타동,460
712,특수외식메뉴,외국음식,분짜,420
713,특수외식메뉴,외국음식,불고기쌀국수,300
714,특수외식메뉴,외국음식,비스마르크피자,510
715,특수외식메뉴,외국음식,빠네로제파스타,540
716,특수외식메뉴,외국음식,빠네크림파스타,300
717,특수외식메뉴,외국음식,사천볶음쌀국수,380
718,특수외식메뉴,외국음식,사천탕수육,400
719,특수외식메뉴,외국음식,삼겹살스테이크,460
720,특수외식메뉴,외국음식,새우로제파스타,320
721,특수외식메뉴,외국음식,새우샤오롱바오,490
722,특수외식메뉴,외국음식,새우오일파스타,300
723,특수외식메뉴,외국음식,새우크림파스타,300
724,특수외식메뉴,외국음식,새우토마토스파게티,300
725,특수외식메뉴,외국음식,샤오롱바오,490
726,특수외식메뉴,외국음식,소갈비살꼬지,470
727,특수외식메뉴,외국음식,소고기부리또,410
728,특수외식메뉴,외국음식,소고기퀘사디아,460
729,특수외식메뉴,외국음식,소고기타코,360
730,특수외식메뉴,외국음식,새우(쉬림프)부리또,430
731,특수외식메뉴,외국음식,소곱창쌀국수,350
732,특수외식메뉴,외국음식,소대창쌀국수,390
733,특수외식메뉴,외국음식,소유라멘,420
734,특수외식메뉴,외국음식,소힘줄(스지) 쌀국수,300
735,특수외식메뉴,외국음식,시오라멘,430
736,특수외식메뉴,외국음식,시카고피자,390
737,특수외식메뉴,외국음식,쏨땀,460
738,특수외식메뉴,외국음식,아라비아따파스타,380
739,특수외식메뉴,외국음식,알리오올리오파스타,410
740,특수외식메뉴,외국음식,양갈비살꼬치,440
741,특수외식메뉴,외국음식,양꼬치,420
742,특수외식메뉴,외국음식,양장피,410
743,특수외식메뉴,외국음식,양지쌀국수,340
744,특수외식메뉴,외국음식,어니언베이컨피자,460
745,특수외식메뉴,외국음식,에비(텐)동,470
746,특수외식메뉴,외국음식,에비카츠,420
747,특수외식메뉴,외국음식,연어포케,460
748,특수외식메뉴,외국음식,오일파스타,380
749,특수외식메뉴,외국음식,오코노미야끼,370
750,특수외식메뉴,외국음식,오피자,480
751,특수외식메뉴,외국음식,우삼겹커리,430
752,특수외식메뉴,외국음식,우삼겹팟타이,450
753,특수외식메뉴,외국음식,우육면,400
754,특수외식메뉴,외국음식,유린기,410
755,특수외식메뉴,외국음식,유산슬,340
756,특수외식메뉴,외국음식,중화냉면,470
757,특수외식메뉴,외국음식,중화볶음면,470
758,특수외식메뉴,외국음식,짜조,460
759,특수외식메뉴,외국음식,짬뽕 쌀국수,300
760,특수외식메뉴,외국음식,짬뽕차돌쌀국수,360
761,특수외식메뉴,외국음식,차돌양지쌀국수,300
762,특수외식메뉴,외국음식,차슈동,380
763,특수외식메뉴,외국음식,차슈라멘,430
764,특수외식메뉴,외국음식,차슈바오,530
765,특수외식메뉴,외국음식,찹스테이크,380
766,특수외식메뉴,외국음식,춘권,410
767,특수외식메뉴,외국음식,치킨부리또,490
768,특수외식메뉴,외국음식,치킨커리,360
769,특수외식메뉴,외국음식,치킨퀘사디아,430
770,특수외식메뉴,외국음식,치킨타코,370
771,특수외식메뉴,외국음식,치킨파히타,360
772,특수외식메뉴,외국음식,치킨포케,520
773,특수외식메뉴,외국음식,카레우동,380
774,특수외식메뉴,외국음식,카이센동,300
775,특수외식메뉴,외국음식,카츠나베,400
776,특수외식메뉴,외국음식,카츠동,370
777,특수외식메뉴,외국음식,크림리조또,410
778,특수외식메뉴,외국음식,크림새우,350
779,특수외식메뉴,외국음식,타코야끼,460
780,특수외식메뉴,외국음식,타코와사비,300
781,특수외식메뉴,외국음식,탄두리치킨,300
782,특수외식메뉴,외국음식,탄탄멘,470
783,특수외식메뉴,외국음식,토르티야,300
784,특수외식메뉴,외국음식,토마토계란볶음,330
785,특수외식메뉴,외국음식,토마토리조또,300
786,특수외식메뉴,외국음식,튀김꽃빵,300
787,특수외식메뉴,외국음식,팔보채,490
788,특수외식메뉴,외국음식,팟타이,470
789,특수외식메뉴,외국음식,푸팟퐁커리,480
790,특수외식메뉴,외국음식,풍기크림파스타,410
791,특수외식메뉴,외국음식,풍기피자,400
792,특수외식메뉴,외국음식,플레인난,300
793,특수외식메뉴,외국음식,피쉬볼,320
794,특수외식메뉴,외국음식,하와이안피자,400
795,특수외식메뉴,외국음식,해물누룽지탕,460
796,특수외식메뉴,외국음식,해물리조또,300
797,특수외식메뉴,외국음식,해물쌀국수,410
798,특수외식메뉴,외국음식,해산물팟타이,450
799,특수외식메뉴,외국음식,훈제연어덮밥,310
800,특수외식메뉴,외국음식,히레카츠(안심),400
